model,image,Prediction v. GT Intersection over Union,false positive,true positive,false negative,precision,recall,accuracy,f1 score,n_true,n_pred,mean_true_score,mean_matched_score,panoptic_quality
cyto2,SLD_0000404.vsi - 20x_01_Region_1_Labels_t2.tif,0.6303205019501441,27,36,89,0.5714285714285714,0.288,0.23684210526315788,0.3829787234042553,125,63,0.19438540659336856,0.6749493284491964,0.2584912321720327
cyto2,SLD_0000406.vsi - 20x_01_Region_1_Labels_t1.tif,0.6365530584908469,25,31,101,0.5535714285714286,0.23484848484848486,0.19745222929936307,0.32978723404255317,132,56,0.16940571141467448,0.7213404486044203,0.23788887134826628
cyto2,SLD_0000406.vsi - 20x_01_Region_2_Labels_t1.tif,0.700264272295985,27,59,110,0.686046511627907,0.34911242603550297,0.3010204081632653,0.4627450980392157,169,86,0.23680612801956583,0.678309078564519,0.31388420106122844
cyto2,SLD_0000406.vsi - 20x_01_Region_1_Labels_t2.tif,0.6974475959093734,12,35,57,0.7446808510638298,0.3804347826086957,0.33653846153846156,0.5035971223021583,92,47,0.2736540017227884,0.7193190902427581,0.36224702386325947
cyto2,SLD_0000512.vsi - 20x_03_Region_1_Labels_t1.tif,0.6658636164254141,16,38,102,0.7037037037037037,0.2714285714285714,0.24358974358974358,0.3917525773195876,140,54,0.18680918674492486,0.6882443722181443,0.2696215066421596
cyto2,SLD_0000563.vsi - 20x_03_Region_1_Labels_t2.tif,0.49925373935639045,29,26,109,0.4727272727272727,0.1925925925925926,0.15853658536585366,0.2736842105263158,135,55,0.11535821150143871,0.5989753289497779,0.16393009002836026
